wcmc-ithanas-7# cat sync_target_list.txt
Name                      Source  Target Path                         Last Job State  FOFB State
-----------------------------------------------------------------------------------------------------
genomics1                 isi1    /ifs/genomic1                       finished        writes_disabled
facilitiesnt_vol1         isi1    /ifs/isi1/facilitiesnt_vol1         finished        writes_disabled
vdiapps_vol1              isi1    /ifs/isi1/vdiapps_vol1              finished        writes_disabled
ipm-prod_vol1             isi1    /ifs/isi1/ipm-prod_vol1             running         writes_disabled
pofinance_vol1            isi1    /ifs/isi1/pofinance_vol1            finished        writes_disabled
crmi_vol1                 isi1    /ifs/isi1/crmi_vol1                 finished        writes_disabled
ipm-staging_vol2          isi1    /ifs/isi1/ipm-staging_vol2          finished        writes_disabled
edc_home_vol1             isi1    /ifs/isi1/edc_home_vol1             finished        writes_disabled
popdc_vol1                isi1    /ifs/isi1/popdc_vol1                finished        writes_disabled
dermatology_vol1          isi1    /ifs/isi1/dermatology_vol1          finished        writes_disabled
itsiso_vol1               isi1    /ifs/isi1/itsiso_vol1               finished        writes_disabled
sas1                      isi1    /ifs/sas1                           finished        writes_disabled
ipm-instrument-dev_vol1   isi1    /ifs/isi1/ipm-instrument-dev_vol1   finished        writes_disabled
acadnt_vol1               isi1    /ifs/isi1/acadnt_vol1               finished        writes_disabled
testshare1                isi1    /ifs/isi1/test1                     finished        writes_disabled
legacybackup              isi1    /ifs/isi1/legacybackup              finished        writes_disabled
HorizonUS_vol1            isi1    /ifs/isi1/HorizonUS_vol1            finished        writes_disabled
adminnt_vol1              isi1    /ifs/isi1/adminnt_vol1              finished        writes_disabled
ipm-staging_vol1          isi1    /ifs/isi1/ipm-staging_vol1          unknown         writes_disabled
ibcfs_vol1                isi1    /ifs/isi1/ibcfs_vol1                finished        writes_disabled
itsadmin_vol1             isi1    /ifs/isi1/itsadmin_vol1             finished        writes_disabled
ipm-instrument-stage_vol1 isi1    /ifs/isi1/ipm-instrument-stage_vol1 finished        writes_disabled
macho_vol1                isi1    /ifs/isi1/macho_vol1                finished        writes_disabled
translationalcores_vol1   isi1    /ifs/isi1/translationalcores_vol1   finished        writes_disabled
vbnas_vol1                isi1    /ifs/isi1/vbnas_vol1                finished        writes_disabled
primarycare_vol1          isi1    /ifs/isi1/primarycare_vol1          finished        writes_disabled
ipm-staging_vol4          isi1    /ifs/isi1/ipm-staging_vol4          finished        writes_disabled
gim-admin_vol1            isi1    /ifs/isi1/gim-admin_vol1            finished        writes_disabled
physician_vol1            isi1    /ifs/isi1/physician_vol1            finished        writes_disabled
ipm-oncomine              isi1    /ifs/isi1/ipm-oncomine              finished        writes_disabled
medhmed_vol1              isi1    /ifs/isi1/medhmed_vol1              finished        writes_disabled
oacfs1_vol1               isi1    /ifs/isi1/oacfs1_vol1               finished        writes_disabled
HorizonXray_vol1          isi1    /ifs/isi1/HorizonXray_vol1          finished        writes_disabled
ctscnasv1_vol1            isi1    /ifs/isi1/ctscnasv1_vol1            finished        writes_disabled
wcccresearch_vol1         isi1    /ifs/isi1/wcccresearch_vol1         finished        writes_disabled
chipfs_vol1               isi1    /ifs/isi1/chipfs_vol1               finished        writes_disabled
bcadowntime_vol1          isi1    /ifs/isi1/bcadowntime_vol1          finished        writes_disabled
kds_vol1                  isi1    /ifs/isi1/kds_vol1                  finished        writes_disabled
pubprnt_quorum_vol1       isi1    /ifs/isi1/pubprnt_quorum_vol1       finished        writes_disabled
citrix_vol1               isi1    /ifs/isi1/citrix_vol1               finished        writes_disabled
bresslab_vol1             isi1    /ifs/isi1/bresslab_vol1             finished        writes_disabled
dlp-dev_vol1              isi1    /ifs/isi1/dlp-dev_vol1              finished        writes_disabled
neurology_vol1            isi1    /ifs/isi1/neurology_vol1            finished        writes_disabled
edcenter_vol1             isi1    /ifs/isi1/edcenter_vol1             finished        writes_disabled
anesthnt1_vol1            isi1    /ifs/isi1/anesthnt1_vol1            finished        writes_disabled
urologynt_vol1            isi1    /ifs/isi1/urologynt_vol1            finished        writes_disabled
gallego_vol1              isi1    /ifs/isi1/gallego_vol1              finished        writes_disabled
ithnbmasterp01drfile_vol1 isi1    /ifs/isi1/ithnbmasterp01drfile_vol1 finished        writes_disabled
ophthoctimages_vol1       isi1    /ifs/isi1/ophthoctimages_vol1       finished        writes_disabled
cellbiology_vol1          isi1    /ifs/isi1/cellbiology_vol1          finished        writes_disabled
splunk_vol1               isi1    /ifs/isi1/splunk_vol1               finished        writes_disabled
neurosurgnt_vol1          isi1    /ifs/isi1/neurosurgnt_vol1          finished        writes_disabled
ctscnasv5_vol1            isi1    /ifs/isi1/ctscnasv5_vol1            finished        writes_disabled
researchadmin_vol1        isi1    /ifs/isi1/researchadmin_vol1        finished        writes_disabled
MelnickLab_vol1           isi1    /ifs/isi1/MelnickLab_vol1           finished        writes_disabled
cardiont_vol1             isi1    /ifs/isi1/cardiont_vol1             finished        writes_disabled
biochem_vol2              isi1    /ifs/isi1/biochem_vol2              finished        writes_disabled
amczfs_vol1               isi1    /ifs/isi1/amczfs_vol1               finished        writes_disabled
itsadminfin_vol1          isi1    /ifs/isi1/itsadminfin_vol1          finished        writes_disabled
x254share_vol1            isi1    /ifs/isi1/x254share_vol1            finished        writes_disabled
psychlibsrv_vol1          isi1    /ifs/isi1/psychlibsrv_vol1          finished        writes_disabled
hr_vol1                   isi1    /ifs/isi1/hr_vol1                   finished        writes_disabled
cghealth_vol1             isi1    /ifs/isi1/cghealth_vol1             finished        writes_disabled
ucs_mediashare_vol1       isi1    /ifs/isi1/ucs_mediashare_vol1       finished        writes_disabled
nephrology2_vol1          isi1    /ifs/isi1/nephrology2_vol1          finished        writes_disabled
eso_vol1                  isi1    /ifs/isi1/eso_vol1                  finished        writes_disabled
xdstore_vol1              isi1    /ifs/isi1/xdstore_vol1              finished        writes_disabled
pediatrics_vol1           isi1    /ifs/isi1/pediatrics_vol1           finished        writes_disabled
wulab_vol1                isi1    /ifs/isi1/wulab_vol1                finished        writes_disabled
meded_vol1                isi1    /ifs/isi1/meded_vol1                finished        writes_disabled
epicblob_vol2             isi1    /ifs/isi1/epicblob_vol2             finished        writes_disabled
kiosses-lab_vol1          isi1    /ifs/isi1/kiosses-lab_vol1          finished        writes_disabled
lmhmedicine_vol1          isi1    /ifs/isi1/lmhmedicine_vol1          finished        writes_disabled
ipm-dev_vol1              isi1    /ifs/isi1/ipm-dev_vol1              finished        writes_disabled
geriatricsmhweb_vol1      isi1    /ifs/isi1/geriatricsmhweb_vol1      finished        writes_disabled
surgerynt2_vol1           isi1    /ifs/isi1/surgerynt2_vol1           finished        writes_disabled
oaoghe_vol1               isi1    /ifs/isi1/oaoghe_vol1               finished        writes_disabled
gcto_vol1                 isi1    /ifs/isi1/gcto_vol1                 finished        writes_disabled
pocatvideos_vol1          isi1    /ifs/isi1/pocatvideos_vol1          finished        writes_disabled
ipm-myeloid_vol1          isi1    /ifs/isi1/ipm-myeloid_vol1          finished        writes_disabled
wpphonedata_vol1          isi1    /ifs/isi1/wpphonedata_vol1          finished        writes_disabled
corepoint_sqlwitness_vol1 isi1    /ifs/isi1/corepoint_sqlwitness_vol1 finished        writes_disabled
spteam_vol1               isi1    /ifs/isi1/spteam_vol1               finished        writes_disabled
obgynpacs_vol1            isi1    /ifs/isi1/obgynpacs_vol1            finished        writes_disabled
mddev_vol                 isi1    /ifs/isi1/mddev_vol                 finished        writes_disabled
mshspap_vol1              isi1    /ifs/isi1/mshspap_vol1              finished        writes_disabled
patssvideos_vol1          isi1    /ifs/isi1/patssvideos_vol1          finished        writes_disabled
acofs_vol1                isi1    /ifs/isi1/acofs_vol1                finished        writes_disabled
ophth_vol1                isi1    /ifs/isi1/ophth_vol1                finished        writes_disabled
mednt_vol1                isi1    /ifs/isi1/mednt_vol1                finished        writes_disabled
pre-civil-war_vol1        isi1    /ifs/isi1/pre-civil-war_vol1        finished        writes_disabled
neurosurg_mgmt_vol1       isi1    /ifs/isi1/neurosurg_mgmt_vol1       finished        writes_disabled
webstorage_vol1           isi1    /ifs/isi1/webstorage_vol1           finished        writes_disabled
vdi_archive_vol1          isi1    /ifs/isi1/vdi_archive_vol1          finished        writes_disabled
biopharma_vol1            isi1    /ifs/isi1/biopharma_vol1            finished        writes_disabled
rdsc_vol1                 isi1    /ifs/isi1/rdsc_vol1                 finished        writes_disabled
sidra_vol1                isi1    /ifs/isi1/sidra_vol1                finished        writes_disabled
csa_its_vol1              isi1    /ifs/isi1/csi_its_vol1              finished        writes_disabled
ipm-staging_vol3          isi1    /ifs/isi1/ipm-staging_vol3          finished        writes_disabled
ctscnasv7_vol1            isi1    /ifs/isi1/ctscnasv7_vol1            running         writes_disabled
libsrv_vol1               isi1    /ifs/isi1/libsrv_vol1               finished        writes_disabled
ryanlab_vol1              isi1    /ifs/isi1/ryanlab_vol1              finished        writes_disabled
ipm-webex_vol1            isi1    /ifs/isi1/ipm-webex_vol1            finished        writes_disabled
kaypen_vol                isi1    /ifs/isi1/kaypen_vol                finished        writes_disabled
epicstore_vol1            isi1    /ifs/isi1/epicstore_vol1            finished        writes_disabled
pathologynt1_vol1         isi1    /ifs/isi1/pathologynt1_vol1         finished        writes_disabled
epicblob_vol1             isi1    /ifs/isi1/epicblob_vol1             finished        writes_disabled
its_security              isi1    /ifs/isi1/its_security              finished        writes_disabled
ctscnasv1s_vol1           isi1    /ifs/isi1/ctscnasv1s_vol1           finished        writes_disabled
lordlab_vol1              isi1    /ifs/isi1/lordlab_vol1              finished        writes_disabled
laurencelab_vol1          isi1    /ifs/isi1/laurencelab_vol1          running         writes_disabled
its-csqa_vol1             isi1    /ifs/isi1/its-csqa_vol1             finished        writes_disabled
ctscfs_vol1               isi1    /ifs/isi1/ctscfs_vol1               finished        writes_disabled
facdev_vol1               isi1    /ifs/isi1/facdev_vol1               finished        writes_disabled
path-images_vol1          isi1    /ifs/isi1/path-images_vol1          finished        writes_disabled
obgynnt_vol1              isi1    /ifs/isi1/obgynnt_vol1              finished        writes_disabled
brbaperiofs_2_times_a_day isi1    /ifs/isi1/brbaperiofs_vol1          finished        writes_disabled
biochemnt_vol1            isi1    /ifs/isi1/biochemnt_vol1            finished        writes_disabled
clinical_vol1             isi1    /ifs/isi1/clinical_vol1             finished        writes_disabled
womenshealth_vol1         isi1    /ifs/isi1/womenshealth_vol1         finished        writes_disabled
ncsgappfs_vol1            isi1    /ifs/isi1/ncsgappfs_vol1            finished        writes_disabled
radiology_vol1            isi1    /ifs/isi1/radiology_vol1            finished        writes_disabled
vdiprof_vol1              isi1    /ifs/isi1/vdiprof_vol1              finished        writes_disabled
storage_vol1              isi1    /ifs/isi1/storage_vol1              finished        writes_disabled
ocp_vol1                  isi1    /ifs/isi1/ocp_vol1                  finished        writes_disabled
gis-corepoint_vol1        isi1    /ifs/isi1/gis-corepoint_vol1        finished        writes_disabled
burkefs_vol1              isi1    /ifs/isi1/burkefs_vol1              finished        writes_disabled
rightfax_vol1             isi1    /ifs/isi1/rightfax_vol1             finished        writes_disabled
ctsurgery_vol1            isi1    /ifs/isi1/ctsurgery_vol1            finished        writes_disabled
ctscnav5s_vol1            isi1    /ifs/isi1/ctscnav5s_vol1            finished        writes_disabled
fornacis_vol1             isi1    /ifs/isi1/fornacis_vol1             finished        writes_disabled
vdi_users_vol1            isi1    /ifs/isi1/vdi_users_vol1            finished        writes_disabled
epicblob_vol3             isi1    /ifs/isi1/epicblob_vol3             finished        writes_disabled
bmri_vol1                 isi1    /ifs/isi1/bmri_vol1                 finished        writes_disabled
ophthday-images_vol1      isi1    /ifs/isi1/ophthday-images_vol1      finished        writes_disabled
kafsacklab_vol1           isi1    /ifs/isi1/kafsacklab_vol1           finished        writes_disabled
hpr_vol1                  isi1    /ifs/isi1/hpr_vol1                  finished        writes_disabled
sleep_med_grass_vol1      isi1    /ifs/isi1/sleep_med_grass_vol1      finished        writes_disabled
dalio_vol1                isi1    /ifs/isi1/dalio_vol1                finished        writes_disabled
endocrine_vol1            isi1    /ifs/isi1/endocrine_vol1            finished        writes_disabled
opticalcore_vol1          isi1    /ifs/isi1/opticalcore_vol1          finished        writes_disabled
proteomics_vol1           isi1    /ifs/isi1/proteomics_vol1           finished        writes_disabled
frshrs_vol1               isi1    /ifs/isi1/frshrs_vol1               finished        writes_disabled
dermatology2_vol1         isi1    /ifs/isi1/dermatology2_vol1         finished        writes_disabled
cardio1                   isi1    /ifs/cardio1                        finished        writes_disabled
webcomm_vol1              isi1    /ifs/isi1/webcomm_vol1              finished        writes_disabled
shaykhiev_vol1            isi1    /ifs/isi1/shaykhiev_vol1            finished        writes_disabled
cardiooutreach_vol1       isi1    /ifs/isi1/cardiooutreach_vol1       running         writes_disabled
gradschool_vol1           isi1    /ifs/isi1/gradschool_vol1           finished        writes_disabled
cancer_vol1               isi1    /ifs/isi1/cancer_vol1               finished        writes_disabled
mdphd_vol1                isi1    /ifs/isi1/mdphd_vol1                finished        writes_disabled
bk3d_vol1                 isi1    /ifs/isi1/bk3d_vol1                 finished        writes_disabled
ipm-instrument-prod_vol1  isi1    /ifs/isi1/ipm-instrument-prod_vol1  finished        writes_disabled
XenServer_vol1            isi1    /ifs/isi1/XenServer_vol1            finished        writes_disabled
cctunt_vol1               isi1    /ifs/isi1/cctunt_vol1               finished        writes_disabled
ctscnav7s_vol1            isi1    /ifs/isi1/ctscnav7s_vol1            finished        writes_disabled
geneticmedicine_vol1      isi1    /ifs/isi1/geneticmedicine_vol1      finished        writes_disabled
perepletchikovalab_vol1   isi1    /ifs/isi1/perepletchikovalab_vol1   finished        writes_disabled
VDI_vol1                  isi1    /ifs/isi1/VDI_vol1                  finished        writes_disabled
splunkfs_vol1             isi1    /ifs/isi1/splunkfs_vol1             finished        writes_disabled
radonc_vol1               isi1    /ifs/isi1/radonc_vol1               running         writes_disabled
medicinegi_vol1           isi1    /ifs/isi1/medicinegi_vol1           finished        writes_disabled
psychiatry_vol1           isi1    /ifs/isi1/psychiatry_vol1           finished        writes_disabled
mensendopacs_vol1         isi1    /ifs/isi1/mensendopacs_vol1         finished        writes_disabled
vivodump_vol1             isi1    /ifs/isi1/vivodump_vol1             finished        writes_disabled
IsilonData_vol1           isi1    /ifs/isi1/IsilonData_vol1           finished        writes_disabled
tritdi_vol1               isi1    /ifs/isi1/tritdi_vol1               finished        writes_disabled
AOXray_vol1               isi1    /ifs/isi1/AOXray_vol1               finished        writes_disabled
drukier_vol1              isi1    /ifs/isi1/drukier_vol1              finished        writes_disabled
hematology_vol1           isi1    /ifs/isi1/hematology_vol1           finished        writes_disabled
biochem-core_vol1         isi1    /ifs/isi1/biochem-core_vol1         finished        writes_disabled
entnt_vol1                isi1    /ifs/isi1/entnt_vol1                finished        writes_disabled
phnt_vol1                 isi1    /ifs/isi1/phnt_vol1                 finished        writes_disabled
RDSLS_vol1                isi1    /ifs/isi1/RDSLS_vol1                finished        writes_disabled
testemc_vol1              isi1    /ifs/isi1/testemc_vol1              finished        writes_disabled
nephrology_vol1           isi1    /ifs/isi1/nephrology_vol1           finished        writes_disabled
-----------------------------------------------------------------------------------------------------
Total: 176
